-- INSERT INTO CUSTOMER TABLE 

INSERT INTO CUSTOMER (CUSTOMER_NUMBER, CIV, FIRSTNAME, LASTNAME, BIRTHDATE, CUSTOMER_ADDRESS, TELPROF, TELPRIV)
VALUES (1, 'Mme', 'Cherifa', 'MAHBOUBA', TO_DATE('08/08/1957', 'DD/MM/YYYY'), 'CITE 1013 LOGTS BT 61 Alger', '0561381813', '0562458714');

INSERT INTO CUSTOMER (CUSTOMER_NUMBER, CIV, FIRSTNAME, LASTNAME, BIRTHDATE, CUSTOMER_ADDRESS, TELPROF, TELPRIV)
VALUES (2, 'Mme', 'Lamia', 'TAHMI', TO_DATE('31/12/1955', 'DD/MM/YYYY'), 'CITE BACHEDJARAH BATIMENT 38 -Bach Djerrah-Alger', '0562467849', '0561392487');

INSERT INTO CUSTOMER (CUSTOMER_NUMBER, CIV, FIRSTNAME, LASTNAME, BIRTHDATE, CUSTOMER_ADDRESS, TELPROF, TELPRIV, FAX)
VALUES (3, 'Mle', 'Ghania', 'DIAFAMROUNI', TO_DATE('31/12/1955', 'DD/MM/YYYY'), '43,RUE ABDERRAHMANE SBAABELLE VUE-EL HARRACH-ALGER', '0523894562', '0619430945', '0562784254');

INSERT INTO CUSTOMER (CUSTOMER_NUMBER, CIV, FIRSTNAME, LASTNAME, BIRTHDATE, CUSTOMER_ADDRESS, TELPROF, TELPRIV)
VALUES (4, 'Mle', 'Chahinaz', 'MELEK', TO_DATE('27/06/1955', 'DD/MM/YYYY'), 'HLM AISSAT IDIR CAGE 9 3EME ETAGE-EL HARRACH ALGER', '0634613493', '0562529463');

INSERT INTO CUSTOMER (CUSTOMER_NUMBER, CIV, FIRSTNAME, LASTNAME, BIRTHDATE, CUSTOMER_ADDRESS, TELPROF, FAX)
VALUES (5, 'Mme', 'Noura', 'TECHTACHE', TO_DATE('22/03/1949', 'DD/MM/YYYY'), '16, ROUTE EL DJAMILA-AINBENIAN-ALGER', '0562757834', '0562757843');

INSERT INTO CUSTOMER (CUSTOMER_NUMBER, CIV, FIRSTNAME, LASTNAME, BIRTHDATE, CUSTOMER_ADDRESS, TELPROF, TELPRIV)
VALUES (6, 'Mme', 'Widad', 'TOUATI', TO_DATE('14/08/1965', 'DD/MM/YYYY'), '14 RUE DES FRERES AOUDIA-EL MOURADIA-ALGER', '0561243967', '0561401836');

INSERT INTO CUSTOMER (CUSTOMER_NUMBER, CIV, FIRSTNAME, LASTNAME, BIRTHDATE, CUSTOMER_ADDRESS, TELPROF, TELPRIV)
VALUES (7, 'Mle', 'Faiza', 'ABLOUL', TO_DATE('28/10/1967', 'DD/MM/YYYY'), 'CITE DIPLOMATIQUE BT BLEU 14B N 3 DERGANA- ALGER', '0562935427', '0561486203');

INSERT INTO CUSTOMER (CUSTOMER_NUMBER, CIV, FIRSTNAME, LASTNAME, BIRTHDATE, CUSTOMER_ADDRESS, TELPROF, FAX)
VALUES (8, 'Mme', 'Assia', 'HORRA', TO_DATE('08/12/1963', 'DD/MM/YYYY'), '32 RUE AHMED OUAKED-DELY BRAHIM-ALGER', '0561038500', '0562466733');

INSERT INTO CUSTOMER (CUSTOMER_NUMBER, CIV, FIRSTNAME, LASTNAME, BIRTHDATE, CUSTOMER_ADDRESS, TELPROF)
VALUES (9, 'Mle', 'Souad', 'MESBAH', TO_DATE('30/08/1972', 'DD/MM/YYYY'), 'RESIDENCE CHABANI-HYDRA-ALGER', '0561024358');

INSERT INTO CUSTOMER (CUSTOMER_NUMBER, CIV, FIRSTNAME, LASTNAME, BIRTHDATE, CUSTOMER_ADDRESS, TELPROF, TELPRIV)
VALUES (10, 'Mme', 'Houda', 'GROUDA', TO_DATE('20/02/1950', 'DD/MM/YYYY'), 'EPSP THNIET ELABED BATNA', '0562939495', '0561218456');

INSERT INTO CUSTOMER (CUSTOMER_NUMBER, CIV, FIRSTNAME, LASTNAME, CUSTOMER_ADDRESS, TELPROF, TELPRIV)
VALUES (11, 'Mle', 'Saida', 'FENNICHE', 'CITE DE LINDEPENDANCE LARBAA BLIDA', '0645983165', '0562014784');

INSERT INTO CUSTOMER (CUSTOMER_NUMBER, CIV, FIRSTNAME, LASTNAME, BIRTHDATE, CUSTOMER_ADDRESS, TELPROF, TELPRIV)
VALUES (12, 'Mme', 'Samia', 'OUALI', TO_DATE('17/11/1966', 'DD/MM/YYYY'), 'CITE 200 LOGEMENTS BT1 N1-JIJEL', '0561374812', '0561277013');

INSERT INTO CUSTOMER (CUSTOMER_NUMBER, CIV, FIRSTNAME, LASTNAME, BIRTHDATE, CUSTOMER_ADDRESS, TELPROF, TELPRIV)
VALUES (13, 'Mme', 'Fatiha', 'HADDAD', TO_DATE('20/09/1980', 'DD/MM/YYYY'), 'RUE BOUFADA LAKHDARAT-AIN OULMANE-SETIF', '0647092453', '0562442700');

INSERT INTO CUSTOMER (CUSTOMER_NUMBER, CIV, FIRSTNAME, LASTNAME, CUSTOMER_ADDRESS, TELPROF, TELPRIV)
VALUES (14, 'M.', 'Djamel', 'MATI', 'DRAA KEBILA HAMMAM GUERGOUR SETIF', '0561033663', '0561484259');

INSERT INTO CUSTOMER (CUSTOMER_NUMBER, CIV, FIRSTNAME, LASTNAME, BIRTHDATE, CUSTOMER_ADDRESS, TELPROF, FAX)
VALUES (15, 'M.', 'Mohamed', 'GHRAIR', TO_DATE('24/06/1950', 'DD/MM/YYYY'), 'CITE JEANNE D`ARC ECRAN B5-GAMBETTA - ORAN', '0561390288', '0562375849');

INSERT INTO CUSTOMER (CUSTOMER_NUMBER, CIV, FIRSTNAME, LASTNAME, CUSTOMER_ADDRESS, TELPROF, TELPRIV)
VALUES (16, 'M.', 'Ali', 'LAAOUAR', 'CITE 1ER MAI EX 137 LOGEMENTS-ADRAR', '0639939410', '0561255412');

INSERT INTO CUSTOMER (CUSTOMER_NUMBER, CIV, FIRSTNAME, LASTNAME, BIRTHDATE, CUSTOMER_ADDRESS, TELPROF, TELPRIV)
VALUES (17, 'M.', 'Messoud', 'AOUIZ', TO_DATE('24/11/1958', 'DD/MM/YYYY'), 'RUE SAIDANI ABDESSLAM -AIN BESSEM-BOUIRA', '0561439256', '0561473625');

INSERT INTO CUSTOMER (CUSTOMER_NUMBER, CIV, FIRSTNAME, LASTNAME, BIRTHDATE, CUSTOMER_ADDRESS, TELPROF, TELPRIV)
VALUES (18, 'M.', 'Farid', 'AKIL', TO_DATE('06/05/1961', 'DD/MM/YYYY'), '3 RUE LARBI BEN MHIDI-DRAAEL MIZAN-TIZI OUZOU', '0562349254', '0561294268');

INSERT INTO CUSTOMER (CUSTOMER_NUMBER, CIV, FIRSTNAME, LASTNAME, CUSTOMER_ADDRESS, TELPROF, TELPRIV)
VALUES (19, 'Mme', 'Dalila', 'MOUHTADI', '6, BD TRIPOLI ORAN', '0506271459', '0506294186');

INSERT INTO CUSTOMER (CUSTOMER_NUMBER, CIV, FIRSTNAME, LASTNAME, CUSTOMER_ADDRESS, TELPRIV)
VALUES (20, 'M.', 'Younes', 'CHALAH', 'CITE DES 60 LOGTS BT D N 48-NACIRIA-BOUMERDES', '0561358279');

INSERT INTO CUSTOMER (CUSTOMER_NUMBER, CIV, FIRSTNAME, LASTNAME, BIRTHDATE, CUSTOMER_ADDRESS, TELPROF, TELPRIV)
VALUES (21, 'M.', 'Boubeker', 'BARKAT', TO_DATE('08/11/1935', 'DD/MM/YYYY'), 'CITE MENTOURI N 71 BT ABSMK Constantine', '0561824538','0561326179');

INSERT INTO CUSTOMER (CUSTOMER_NUMBER, CIV, FIRSTNAME, LASTNAME, CUSTOMER_ADDRESS, TELPROF, FAX)
VALUES (22, 'M.', 'Seddik', 'HMIA', '25 RUE BEN YAHIYA-JIJEL', '0562379513', '0562493627');


INSERT INTO CUSTOMER (CUSTOMER_NUMBER, CIV, FIRSTNAME, LASTNAME, BIRTHDATE, CUSTOMER_ADDRESS, TELPROF, TELPRIV) 
VALUES (23, 'M.', 'Lamine', 'MERABAT', TO_DATE('09/13/1965', 'DD/MM/YYYY'), 'CITE JEANNE DARC ECRAN B2-GAMBETTA - ORAN', '0561724538', '0561724538');

-- INSERT INTO EMPLOYEE TABLE 

INSERT INTO EMPLOYEE (EMPLOYEE_NUMBER, LASTNAME_EMP, FIRSTNAME_EMP, CATEGORY, SALARY)
VALUES (53, 'LACHEMI', 'Bouzid', 'Mécanicien', 25000);

INSERT INTO EMPLOYEE (EMPLOYEE_NUMBER, LASTNAME_EMP, FIRSTNAME_EMP, CATEGORY, SALARY)
VALUES (54, 'BOUCHEMLA' ,'Elias', 'Assistant', 10000);

INSERT INTO EMPLOYEE (EMPLOYEE_NUMBER, LASTNAME_EMP, FIRSTNAME_EMP, CATEGORY, SALARY)
VALUES (55, 'HADJ', 'Zouhir', 'Assistant', 12000);

INSERT INTO EMPLOYEE (EMPLOYEE_NUMBER, LASTNAME_EMP, FIRSTNAME_EMP, CATEGORY, SALARY)
VALUES (56, 'OUSSEDIK', 'Hakim', 'Mécanicien', 20000);

INSERT INTO EMPLOYEE (EMPLOYEE_NUMBER, LASTNAME_EMP, FIRSTNAME_EMP, CATEGORY, SALARY)
VALUES (57, 'ABAD', 'Abdelhamid', 'Assistant', 13000);

INSERT INTO EMPLOYEE (EMPLOYEE_NUMBER, LASTNAME_EMP, FIRSTNAME_EMP, CATEGORY, SALARY)
VALUES (58, 'BABACI', 'Tayeb', 'Mécanicien', 21300);

INSERT INTO EMPLOYEE (EMPLOYEE_NUMBER, LASTNAME_EMP, FIRSTNAME_EMP, CATEGORY, SALARY)
VALUES (59, 'BELHAMIDI', 'Mourad', 'Mécanicien', 19500);

INSERT INTO EMPLOYEE (EMPLOYEE_NUMBER, LASTNAME_EMP, FIRSTNAME_EMP, CATEGORY, SALARY)
VALUES (60, 'IGOUDJIL', 'Redouane', 'Assistant', 15000);

INSERT INTO EMPLOYEE (EMPLOYEE_NUMBER, LASTNAME_EMP, FIRSTNAME_EMP, CATEGORY, SALARY)
VALUES (61, 'KOULA', 'Bahim', 'Mécanicien', 23100);

INSERT INTO EMPLOYEE (EMPLOYEE_NUMBER, LASTNAME_EMP, FIRSTNAME_EMP, CATEGORY, SALARY)
VALUES (62, 'RAHALI', 'Ahcene', 'Mécanicien', 24000);

INSERT INTO EMPLOYEE (EMPLOYEE_NUMBER, LASTNAME_EMP, FIRSTNAME_EMP, CATEGORY, SALARY)
VALUES (63, 'CHAOUI', 'Ismail', 'Assistant', 13000);

INSERT INTO EMPLOYEE (EMPLOYEE_NUMBER, LASTNAME_EMP, FIRSTNAME_EMP, CATEGORY, SALARY)
VALUES (64, 'BADI', 'Hatem', 'Assistant', 14000);

INSERT INTO EMPLOYEE (EMPLOYEE_NUMBER, LASTNAME_EMP, FIRSTNAME_EMP, CATEGORY, SALARY)
VALUES (65, 'MOHAMMEDI', 'Mustapha', 'Mécanicien', 24000);

INSERT INTO EMPLOYEE (EMPLOYEE_NUMBER, LASTNAME_EMP, FIRSTNAME_EMP, CATEGORY, SALARY)
VALUES (66, 'FEKAR', 'Abdelaziz', 'Assistant', 13500);

INSERT INTO EMPLOYEE (EMPLOYEE_NUMBER, LASTNAME_EMP, FIRSTNAME_EMP, CATEGORY, SALARY)
VALUES (67, 'SAIDOUNI', 'Wahid', 'Mécanicien', 25000);

INSERT INTO EMPLOYEE (EMPLOYEE_NUMBER, LASTNAME_EMP, FIRSTNAME_EMP, CATEGORY, SALARY)
VALUES (68, 'BOULARAS', 'Farid', 'Assistant', 14000);

INSERT INTO EMPLOYEE (EMPLOYEE_NUMBER, LASTNAME_EMP, FIRSTNAME_EMP, CATEGORY, SALARY)
VALUES (69, 'CHAKER', 'Nassim', 'Mécanicien', 26000);

INSERT INTO EMPLOYEE (EMPLOYEE_NUMBER, LASTNAME_EMP, FIRSTNAME_EMP, CATEGORY, SALARY)
VALUES (71, 'TERKI', 'Yacine', 'Mécanicien', 23000);

INSERT INTO EMPLOYEE (EMPLOYEE_NUMBER, LASTNAME_EMP, FIRSTNAME_EMP, CATEGORY, SALARY)
VALUES (72, 'TEBIBEL', 'Ahmed', 'Assistant', 17000);


INSERT INTO EMPLOYEE (EMPLOYEE_NUMBER, LASTNAME_EMP, FIRSTNAME_EMP, CATEGORY, SALARY)
VALUES (80, 'LARDJOUNE', 'Karim', NULL, 25000);

-- INSERT INTO BRAND TABLE 

INSERT INTO BRAND (BRAND_NUMBER, BRAND_NAME, COUNTRY) 
VALUES (1, 'LAMBORGHINI', 'ITALIE');

INSERT INTO BRAND (BRAND_NUMBER, BRAND_NAME, COUNTRY) 
VALUES (2, 'AUDI', 'ALLEMAGNE');

INSERT INTO BRAND (BRAND_NUMBER, BRAND_NAME, COUNTRY) 
VALUES (3, 'ROLLS-ROYCE', 'GRANDE-BRETAGNE');

INSERT INTO BRAND (BRAND_NUMBER, BRAND_NAME, COUNTRY) 
VALUES (4, 'BMW', 'ALLEMAGNE');

INSERT INTO BRAND (BRAND_NUMBER, BRAND_NAME, COUNTRY) 
VALUES (5, 'CADILLAC','ETATS-UNIS');

INSERT INTO BRAND (BRAND_NUMBER, BRAND_NAME, COUNTRY) 
VALUES (6, 'CHRYSLER','ETATS-UNIS');

INSERT INTO BRAND (BRAND_NUMBER, BRAND_NAME, COUNTRY) 
VALUES (7, 'FERRARI','ITALIE');

INSERT INTO BRAND (BRAND_NUMBER, BRAND_NAME, COUNTRY) 
VALUES (8, 'HONDA','JAPON');

INSERT INTO BRAND (BRAND_NUMBER, BRAND_NAME, COUNTRY) 
VALUES (9, 'JAGUAR','GRANDE-BRETAGNE');

INSERT INTO BRAND (BRAND_NUMBER, BRAND_NAME, COUNTRY) 
VALUES (10, 'ALFA-ROMEO','ITALIE');

INSERT INTO BRAND (BRAND_NUMBER, BRAND_NAME, COUNTRY) 
VALUES (11, 'LEXUS','JAPON');

INSERT INTO BRAND (BRAND_NUMBER, BRAND_NAME, COUNTRY) 
VALUES (12, 'LOTUS','GRANDE-BRETAGNE');

INSERT INTO BRAND (BRAND_NUMBER, BRAND_NAME, COUNTRY) 
VALUES (13, 'MASERATI', 'ITALIE');

INSERT INTO BRAND (BRAND_NUMBER, BRAND_NAME, COUNTRY) 
VALUES (14, 'MERCEDES','ALLEMAGNE');

INSERT INTO BRAND (BRAND_NUMBER, BRAND_NAME, COUNTRY) 
VALUES (15, 'PEUGEOT','FRANCE');

INSERT INTO BRAND (BRAND_NUMBER, BRAND_NAME, COUNTRY) 
VALUES (16, 'PORSCHE','ALLEMAGNE');

INSERT INTO BRAND (BRAND_NUMBER, BRAND_NAME, COUNTRY) 
VALUES (17, 'RENAULT','FRANCE');

INSERT INTO BRAND (BRAND_NUMBER, BRAND_NAME, COUNTRY) 
VALUES (18, 'SAAB','SUEDE');

INSERT INTO BRAND (BRAND_NUMBER, BRAND_NAME, COUNTRY) 
VALUES (19, 'TOYOTA', 'JAPON');

INSERT INTO BRAND (BRAND_NUMBER, BRAND_NAME, COUNTRY) 
VALUES (20, 'VENTURI','FRANCE');

INSERT INTO BRAND (BRAND_NUMBER, BRAND_NAME, COUNTRY) 
VALUES (21, 'VOLVO','SUEDE');

-- INSERT INTO MODEL TABLE 

INSERT INTO MODEL (MODEL_NUMBER, BRAND_NUMBER, MODEL_NAME)
VALUES (2, 1, 'Diablo');

INSERT INTO MODEL (MODEL_NUMBER, BRAND_NUMBER, MODEL_NAME)
VALUES (3, 2, 'Série 5');

INSERT INTO MODEL (MODEL_NUMBER, BRAND_NUMBER, MODEL_NAME)
VALUES (4, 10, 'NSX');

INSERT INTO MODEL (MODEL_NUMBER, BRAND_NUMBER, MODEL_NAME)
VALUES (5, 14, 'Classe C');

INSERT INTO MODEL (MODEL_NUMBER, BRAND_NUMBER, MODEL_NAME)
VALUES (6, 17, 'Safrane');

INSERT INTO MODEL (MODEL_NUMBER, BRAND_NUMBER, MODEL_NAME)
VALUES (7, 20, '400 GT');

INSERT INTO MODEL (MODEL_NUMBER, BRAND_NUMBER, MODEL_NAME)
VALUES (8, 12, 'Esprit');

INSERT INTO MODEL (MODEL_NUMBER, BRAND_NUMBER, MODEL_NAME)
VALUES (9, 15, '605');

INSERT INTO MODEL (MODEL_NUMBER, BRAND_NUMBER, MODEL_NAME)
VALUES (10, 19, 'Prévia');

INSERT INTO MODEL (MODEL_NUMBER, BRAND_NUMBER, MODEL_NAME)
VALUES (11, 7, '550 Maranello');

INSERT INTO MODEL (MODEL_NUMBER, BRAND_NUMBER, MODEL_NAME)
VALUES (12, 3, 'Bentley-Continental');

INSERT INTO MODEL (MODEL_NUMBER, BRAND_NUMBER, MODEL_NAME)
VALUES (13, 10, 'Spider');

INSERT INTO MODEL (MODEL_NUMBER, BRAND_NUMBER, MODEL_NAME)
VALUES (14, 13, 'Evoluzione');

INSERT INTO MODEL (MODEL_NUMBER, BRAND_NUMBER, MODEL_NAME)
VALUES (15, 16, 'Carrera');

INSERT INTO MODEL (MODEL_NUMBER, BRAND_NUMBER, MODEL_NAME)
VALUES (16, 16, 'Boxter');

INSERT INTO MODEL (MODEL_NUMBER, BRAND_NUMBER, MODEL_NAME)
VALUES (17, 21, 'S 80');

INSERT INTO MODEL (MODEL_NUMBER, BRAND_NUMBER, MODEL_NAME)
VALUES (18, 6, '300 M');

INSERT INTO MODEL (MODEL_NUMBER, BRAND_NUMBER, MODEL_NAME)
VALUES (19, 4, 'M 3');

INSERT INTO MODEL (MODEL_NUMBER, BRAND_NUMBER, MODEL_NAME)
VALUES (20, 9, 'XJ 8');

INSERT INTO MODEL (MODEL_NUMBER, BRAND_NUMBER, MODEL_NAME)
VALUES (21, 15, '406 Coupé');

INSERT INTO MODEL (MODEL_NUMBER, BRAND_NUMBER, MODEL_NAME)
VALUES (22, 20, '300 Atlantic');

INSERT INTO MODEL (MODEL_NUMBER, BRAND_NUMBER, MODEL_NAME)
VALUES (23, 14, 'Classe E');

INSERT INTO MODEL (MODEL_NUMBER, BRAND_NUMBER, MODEL_NAME)
VALUES (24, 11, 'GS 300');

INSERT INTO MODEL (MODEL_NUMBER, BRAND_NUMBER, MODEL_NAME)
VALUES (25, 5, 'Séville');

INSERT INTO MODEL (MODEL_NUMBER, BRAND_NUMBER, MODEL_NAME)
VALUES (26, 18, '95 Cabriolet');

INSERT INTO MODEL (MODEL_NUMBER, BRAND_NUMBER, MODEL_NAME)
VALUES (27, 2, 'TT Coupé');

INSERT INTO MODEL (MODEL_NUMBER, BRAND_NUMBER, MODEL_NAME)
VALUES (28, 7, 'F 355');

INSERT INTO MODEL (MODEL_NUMBER, BRAND_NUMBER, MODEL_NAME)
VALUES (29, 45, 'POLO');

-- INSERT INTO VEHICLE TABLE 

INSERT INTO VEHICLE (VEHICLE_NUMBER, CUSTOMER_NUMBER, MODEL_NUMBER, REGISTRATION_NUMBER, YEAR)
VALUES (1, 2, 6, 12519216, 1992);

INSERT INTO VEHICLE (VEHICLE_NUMBER, CUSTOMER_NUMBER, MODEL_NUMBER, REGISTRATION_NUMBER, YEAR)
VALUES (2, 9, 20, 124219316, 1993);

INSERT INTO VEHICLE (VEHICLE_NUMBER, CUSTOMER_NUMBER, MODEL_NUMBER, REGISTRATION_NUMBER, YEAR)
VALUES (3, 17, 8, 1452318716, 1987);

INSERT INTO VEHICLE (VEHICLE_NUMBER, CUSTOMER_NUMBER, MODEL_NUMBER, REGISTRATION_NUMBER, YEAR)
VALUES (4, 6, 12, 3145219816, 1998);

INSERT INTO VEHICLE (VEHICLE_NUMBER, CUSTOMER_NUMBER, MODEL_NUMBER, REGISTRATION_NUMBER, YEAR)
VALUES (5, 16, 23, 1278919816, 1998);

INSERT INTO VEHICLE (VEHICLE_NUMBER, CUSTOMER_NUMBER, MODEL_NUMBER, REGISTRATION_NUMBER, YEAR)
VALUES (6, 20, 6, 3853319735, 1997);

INSERT INTO VEHICLE (VEHICLE_NUMBER, CUSTOMER_NUMBER, MODEL_NUMBER, REGISTRATION_NUMBER, YEAR)
VALUES (7, 7, 8, 1453119816, 1998);

INSERT INTO VEHICLE (VEHICLE_NUMBER, CUSTOMER_NUMBER, MODEL_NUMBER, REGISTRATION_NUMBER, YEAR)
VALUES (8, 16, 14, 8365318601, 1986);

INSERT INTO VEHICLE (VEHICLE_NUMBER, CUSTOMER_NUMBER, MODEL_NUMBER, REGISTRATION_NUMBER, YEAR)
VALUES (9, 13, 15, 3087319233, 1992);

INSERT INTO VEHICLE (VEHICLE_NUMBER, CUSTOMER_NUMBER, MODEL_NUMBER, REGISTRATION_NUMBER, YEAR)
VALUES (10, 20, 22, 9413119935, 1999);

INSERT INTO VEHICLE (VEHICLE_NUMBER, CUSTOMER_NUMBER, MODEL_NUMBER, REGISTRATION_NUMBER, YEAR)
VALUES (11, 9, 16, 1572319801, 1998);

INSERT INTO VEHICLE (VEHICLE_NUMBER, CUSTOMER_NUMBER, MODEL_NUMBER, REGISTRATION_NUMBER, YEAR)
VALUES (12, 14, 20, 6025319733, 1997);

INSERT INTO VEHICLE (VEHICLE_NUMBER, CUSTOMER_NUMBER, MODEL_NUMBER, REGISTRATION_NUMBER, YEAR)
VALUES (13, 19, 17, 5205319736, 1997);

INSERT INTO VEHICLE (VEHICLE_NUMBER, CUSTOMER_NUMBER, MODEL_NUMBER, REGISTRATION_NUMBER, YEAR)
VALUES (14, 22, 21, 7543119207, 1992);

INSERT INTO VEHICLE (VEHICLE_NUMBER, CUSTOMER_NUMBER, MODEL_NUMBER, REGISTRATION_NUMBER, YEAR)
VALUES (15, 4, 19, 6254319916, 1999);

INSERT INTO VEHICLE (VEHICLE_NUMBER, CUSTOMER_NUMBER, MODEL_NUMBER, REGISTRATION_NUMBER, YEAR)
VALUES (16, 16, 21, 9831419701, 1997);

INSERT INTO VEHICLE (VEHICLE_NUMBER, CUSTOMER_NUMBER, MODEL_NUMBER, REGISTRATION_NUMBER, YEAR)
VALUES (17, 12, 11, 4563117607, 1976);

INSERT INTO VEHICLE (VEHICLE_NUMBER, CUSTOMER_NUMBER, MODEL_NUMBER, REGISTRATION_NUMBER, YEAR)
VALUES (18, 1, 2, 7973318216, 1982);


INSERT INTO VEHICLE (VEHICLE_NUMBER, CUSTOMER_NUMBER, MODEL_NUMBER, REGISTRATION_NUMBER, YEAR)
VALUES (19, 18, 77, 3904318515, 1985);

INSERT INTO VEHICLE (VEHICLE_NUMBER, CUSTOMER_NUMBER, MODEL_NUMBER, REGISTRATION_NUMBER, YEAR)
VALUES (20, 22, 2, 1234319707, 1997);

INSERT INTO VEHICLE (VEHICLE_NUMBER, CUSTOMER_NUMBER, MODEL_NUMBER, REGISTRATION_NUMBER, YEAR)
VALUES (21, 3, 19, 8429318516, 1985);

INSERT INTO VEHICLE (VEHICLE_NUMBER, CUSTOMER_NUMBER, MODEL_NUMBER, REGISTRATION_NUMBER, YEAR)
VALUES (22, 8, 19, 1245619816, 1998);

INSERT INTO VEHICLE (VEHICLE_NUMBER, CUSTOMER_NUMBER, MODEL_NUMBER, REGISTRATION_NUMBER, YEAR)
VALUES (23, 7, 25, 1678918516, 1985);

-- ERROR CANNOT BE INSERTED BECAUSE NO CUSTOMER_NUMBER WITH VALUE 80 

INSERT INTO VEHICLE (VEHICLE_NUMBER, CUSTOMER_NUMBER, MODEL_NUMBER, REGISTRATION_NUMBER, YEAR) 
VALUES (24, 80, 9, 1789519816, 1998);

INSERT INTO VEHICLE (VEHICLE_NUMBER, CUSTOMER_NUMBER, MODEL_NUMBER, REGISTRATION_NUMBER, YEAR)
VALUES (25, 13, 5, 1278919833, 1998);

INSERT INTO VEHICLE (VEHICLE_NUMBER, CUSTOMER_NUMBER, MODEL_NUMBER, REGISTRATION_NUMBER, YEAR)
VALUES (26, 3, 10, 1458919316, 1993);

INSERT INTO VEHICLE (VEHICLE_NUMBER, CUSTOMER_NUMBER, MODEL_NUMBER, REGISTRATION_NUMBER, YEAR)
VALUES (27, 10, 7, 1256019804, 1998);

INSERT INTO VEHICLE (VEHICLE_NUMBER, CUSTOMER_NUMBER, MODEL_NUMBER, REGISTRATION_NUMBER, YEAR)
VALUES (28, 10, 3, 1986219904, 1999);

-- INSERT INTO INTERVENTIONS TABLE --

INSERT INTO INTERVENTIONS (INTERVENTION_NUMBER, VEHICLE_NUMBER, INTERVENTION_TYPE, INTERV_START_DATE, INTERV_END_DATE, INTERV_COST)
VALUES (1, 3, 'Réparation', TO_TIMESTAMP('2006-02-25 09:00:00', 'yyyy/mm/dd hh24:mi:ss'), TO_TIMESTAMP('2006-02-26 12:00:00','yyyy/mm/dd hh24:mi:ss'), 30000);

INSERT INTO INTERVENTIONS (INTERVENTION_NUMBER, VEHICLE_NUMBER, INTERVENTION_TYPE, INTERV_START_DATE, INTERV_END_DATE, INTERV_COST)
VALUES (2, 21, 'Réparation', TO_TIMESTAMP('2006-02-23 09:00:00', 'yyyy/mm/dd hh24:mi:ss'), TO_TIMESTAMP('2006-02-24 18:00:00','yyyy/mm/dd hh24:mi:ss'), 10000);

INSERT INTO INTERVENTIONS (INTERVENTION_NUMBER, VEHICLE_NUMBER, INTERVENTION_TYPE, INTERV_START_DATE, INTERV_END_DATE, INTERV_COST)
VALUES (3, 25, 'Réparation', TO_TIMESTAMP('2006-04-06 14:00:00', 'yyyy/mm/dd hh24:mi:ss'), TO_TIMESTAMP('2006-04-09 12:00:00','yyyy/mm/dd hh24:mi:ss'), 42000);

INSERT INTO INTERVENTIONS (INTERVENTION_NUMBER, VEHICLE_NUMBER, INTERVENTION_TYPE, INTERV_START_DATE, INTERV_END_DATE, INTERV_COST)
VALUES (4, 10, 'Entretien', TO_TIMESTAMP('2006-05-14 09:00:00', 'yyyy/mm/dd hh24:mi:ss'), TO_TIMESTAMP('2006-05-14 18:00:00','yyyy/mm/dd hh24:mi:ss'), 10000);

INSERT INTO INTERVENTIONS (INTERVENTION_NUMBER, VEHICLE_NUMBER, INTERVENTION_TYPE, INTERV_START_DATE, INTERV_END_DATE, INTERV_COST)
VALUES (5, 6, 'Réparation', TO_TIMESTAMP('2006-02-22 09:00:00', 'yyyy/mm/dd hh24:mi:ss'), TO_TIMESTAMP('2006-02-25 18:00:00','yyyy/mm/dd hh24:mi:ss'), 40000);

INSERT INTO INTERVENTIONS (INTERVENTION_NUMBER, VEHICLE_NUMBER, INTERVENTION_TYPE, INTERV_START_DATE, INTERV_END_DATE, INTERV_COST)
VALUES (6, 14, 'Entretien', TO_TIMESTAMP('2006-03-03 14:00:00', 'yyyy/mm/dd hh24:mi:ss'), TO_TIMESTAMP('2006-03-04 18:00:00','yyyy/mm/dd hh24:mi:ss'), 7500);

INSERT INTO INTERVENTIONS (INTERVENTION_NUMBER, VEHICLE_NUMBER, INTERVENTION_TYPE, INTERV_START_DATE, INTERV_END_DATE, INTERV_COST)
VALUES (7, 1, 'Entretien', TO_TIMESTAMP('2006-04-09 09:00:00', 'yyyy/mm/dd hh24:mi:ss'), TO_TIMESTAMP('2006-04-09 18:00:00','yyyy/mm/dd hh24:mi:ss'), 8000);

INSERT INTO INTERVENTIONS (INTERVENTION_NUMBER, VEHICLE_NUMBER, INTERVENTION_TYPE, INTERV_START_DATE, INTERV_END_DATE, INTERV_COST)
VALUES (8, 17, 'Entretien', TO_TIMESTAMP('2006-05-11 14:00:00', 'yyyy/mm/dd hh24:mi:ss'), TO_TIMESTAMP('2006-05-12 18:00:00','yyyy/mm/dd hh24:mi:ss'), 9000);

INSERT INTO INTERVENTIONS (INTERVENTION_NUMBER, VEHICLE_NUMBER, INTERVENTION_TYPE, INTERV_START_DATE, INTERV_END_DATE, INTERV_COST)
VALUES (9, 22, 'Entretien', TO_TIMESTAMP('2006-02-22 09:00:00', 'yyyy/mm/dd hh24:mi:ss'), TO_TIMESTAMP('2006-02-22 18:00:00','yyyy/mm/dd hh24:mi:ss'), 7960);

INSERT INTO INTERVENTIONS (INTERVENTION_NUMBER, VEHICLE_NUMBER, INTERVENTION_TYPE, INTERV_START_DATE, INTERV_END_DATE, INTERV_COST)
VALUES (10, 2, 'Entretien et Réparation', TO_TIMESTAMP('2006-04-08 09:00:00', 'yyyy/mm/dd hh24:mi:ss'), TO_TIMESTAMP('2006-04-09 18:00:00','yyyy/mm/dd hh24:mi:ss'), 45000);

INSERT INTO INTERVENTIONS (INTERVENTION_NUMBER, VEHICLE_NUMBER, INTERVENTION_TYPE, INTERV_START_DATE, INTERV_END_DATE, INTERV_COST)
VALUES (11, 28, 'Réparation', TO_TIMESTAMP('2006-03-08 14:00:00', 'yyyy/mm/dd hh24:mi:ss'), TO_TIMESTAMP('2006-03-17 12:00:00','yyyy/mm/dd hh24:mi:ss'), 36000);

INSERT INTO INTERVENTIONS (INTERVENTION_NUMBER, VEHICLE_NUMBER, INTERVENTION_TYPE, INTERV_START_DATE, INTERV_END_DATE, INTERV_COST)
VALUES (12, 20, 'Entretien et Réparation', TO_TIMESTAMP('2006-05-03 09:00:00', 'yyyy/mm/dd hh24:mi:ss'), TO_TIMESTAMP('2006-05-05 18:00:00','yyyy/mm/dd hh24:mi:ss'), 27000);

INSERT INTO INTERVENTIONS (INTERVENTION_NUMBER, VEHICLE_NUMBER, INTERVENTION_TYPE, INTERV_START_DATE, INTERV_END_DATE, INTERV_COST)
VALUES (13, 8, 'Réparation Système', TO_TIMESTAMP('2006-05-12 14:00:00', 'yyyy/mm/dd hh24:mi:ss'), TO_TIMESTAMP('2006-05-12 18:00:00','yyyy/mm/dd hh24:mi:ss'), 17846);

INSERT INTO INTERVENTIONS (INTERVENTION_NUMBER, VEHICLE_NUMBER, INTERVENTION_TYPE, INTERV_START_DATE, INTERV_END_DATE, INTERV_COST)
VALUES (14, 1, 'Réparation', TO_TIMESTAMP('2006-05-10 14:00:00', 'yyyy/mm/dd hh24:mi:ss'), TO_TIMESTAMP('2006-05-12 12:00:00','yyyy/mm/dd hh24:mi:ss'), 39000);

INSERT INTO INTERVENTIONS (INTERVENTION_NUMBER, VEHICLE_NUMBER, INTERVENTION_TYPE, INTERV_START_DATE, INTERV_END_DATE, INTERV_COST)
VALUES (15, 20, 'Réparation Système', TO_TIMESTAMP('2006-06-25 09:00:00', 'yyyy/mm/dd hh24:mi:ss'), TO_TIMESTAMP('2006-06-25 12:00:00','yyyy/mm/dd hh24:mi:ss'), 27000);

 
INSERT INTO INTERVENTIONS (INTERVENTION_NUMBER, VEHICLE_NUMBER, INTERVENTION_TYPE, INTERV_START_DATE, INTERV_END_DATE, INTERV_COST) 
VALUES (16, 77, 'Réparation', TO_TIMESTAMP('2006-06-27 09:00:00', 'yyyy/mm/dd hh24:mi:ss'), TO_TIMESTAMP('2006-06-30 12:00:00','yyyy/mm/dd hh24:mi:ss'), 25000);


-- INSERT INTO PARTICIPANTS 

INSERT INTO PARTICIPANTS (INTERVENTION_NUMBER, EMPLOYEE_NUMBER, START_DATE, END_DATE)
VALUES (1, 54, TO_TIMESTAMP('2006-02-26 09:00:00', 'yyyy/mm/dd hh24:mi:ss'), TO_TIMESTAMP('2006-02-26 12:00:00', 'yyyy/mm/dd hh24:mi:ss'));

INSERT INTO PARTICIPANTS (INTERVENTION_NUMBER, EMPLOYEE_NUMBER, START_DATE, END_DATE)
VALUES (1, 59, TO_TIMESTAMP('2006-02-25 09:00:00', 'yyyy/mm/dd hh24:mi:ss'), TO_TIMESTAMP('2006-02-25 18:00:00', 'yyyy/mm/dd hh24:mi:ss'));

INSERT INTO PARTICIPANTS (INTERVENTION_NUMBER, EMPLOYEE_NUMBER, START_DATE, END_DATE)
VALUES (2, 57, TO_TIMESTAMP('2006-02-24 14:00:00', 'yyyy/mm/dd hh24:mi:ss'), TO_TIMESTAMP('2006-02-24 18:00:00', 'yyyy/mm/dd hh24:mi:ss'));

INSERT INTO PARTICIPANTS (INTERVENTION_NUMBER, EMPLOYEE_NUMBER, START_DATE, END_DATE)
VALUES (2, 59, TO_TIMESTAMP('2006-02-23 09:00:00', 'yyyy/mm/dd hh24:mi:ss'), TO_TIMESTAMP('2006-02-24 12:00:00', 'yyyy/mm/dd hh24:mi:ss'));

INSERT INTO PARTICIPANTS (INTERVENTION_NUMBER, EMPLOYEE_NUMBER, START_DATE, END_DATE)
VALUES (3, 60, TO_TIMESTAMP('2006-04-09 09:00:00', 'yyyy/mm/dd hh24:mi:ss'), TO_TIMESTAMP('2006-04-09 12:00:00', 'yyyy/mm/dd hh24:mi:ss'));

INSERT INTO PARTICIPANTS (INTERVENTION_NUMBER, EMPLOYEE_NUMBER, START_DATE, END_DATE)
VALUES (3, 65, TO_TIMESTAMP('2006-04-06 14:00:00', 'yyyy/mm/dd hh24:mi:ss'), TO_TIMESTAMP('2006-04-08 18:00:00', 'yyyy/mm/dd hh24:mi:ss'));

INSERT INTO PARTICIPANTS (INTERVENTION_NUMBER, EMPLOYEE_NUMBER, START_DATE, END_DATE)
VALUES (4, 62, TO_TIMESTAMP('2006-05-14 09:00:00', 'yyyy/mm/dd hh24:mi:ss'), TO_TIMESTAMP('2006-05-14 12:00:00', 'yyyy/mm/dd hh24:mi:ss'));

INSERT INTO PARTICIPANTS (INTERVENTION_NUMBER, EMPLOYEE_NUMBER, START_DATE, END_DATE)
VALUES (4, 66, TO_TIMESTAMP('2006-02-14 14:00:00', 'yyyy/mm/dd hh24:mi:ss'), TO_TIMESTAMP('2006-05-14 18:00:00', 'yyyy/mm/dd hh24:mi:ss'));

INSERT INTO PARTICIPANTS (INTERVENTION_NUMBER, EMPLOYEE_NUMBER, START_DATE, END_DATE)
VALUES (5, 56, TO_TIMESTAMP('2006-02-22 09:00:00', 'yyyy/mm/dd hh24:mi:ss'), TO_TIMESTAMP('2006-02-25 12:00:00', 'yyyy/mm/dd hh24:mi:ss'));

INSERT INTO PARTICIPANTS (INTERVENTION_NUMBER, EMPLOYEE_NUMBER, START_DATE, END_DATE)
VALUES (5, 60, TO_TIMESTAMP('2006-02-23 09:00:00', 'yyyy/mm/dd hh24:mi:ss'), TO_TIMESTAMP('2006-02-25 18:00:00', 'yyyy/mm/dd hh24:mi:ss'));

INSERT INTO PARTICIPANTS (INTERVENTION_NUMBER, EMPLOYEE_NUMBER, START_DATE, END_DATE)
VALUES (6, 53, TO_TIMESTAMP('2006-03-03 14:00:00', 'yyyy/mm/dd hh24:mi:ss'), TO_TIMESTAMP('2006-03-04 12:00:00', 'yyyy/mm/dd hh24:mi:ss'));

INSERT INTO PARTICIPANTS (INTERVENTION_NUMBER, EMPLOYEE_NUMBER, START_DATE, END_DATE)
VALUES (6, 57, TO_TIMESTAMP('2006-03-04 14:00:00', 'yyyy/mm/dd hh24:mi:ss'), TO_TIMESTAMP('2006-03-04 18:00:00', 'yyyy/mm/dd hh24:mi:ss'));

INSERT INTO PARTICIPANTS (INTERVENTION_NUMBER, EMPLOYEE_NUMBER, START_DATE, END_DATE)
VALUES (7, 55, TO_TIMESTAMP('2006-04-09 14:00:00', 'yyyy/mm/dd hh24:mi:ss'), TO_TIMESTAMP('2006-04-09 18:00:00', 'yyyy/mm/dd hh24:mi:ss'));

INSERT INTO PARTICIPANTS (INTERVENTION_NUMBER, EMPLOYEE_NUMBER, START_DATE, END_DATE)
VALUES (7, 65, TO_TIMESTAMP('2006-04-09 09:00:00', 'yyyy/mm/dd hh24:mi:ss'), TO_TIMESTAMP('2006-04-09 12:00:00', 'yyyy/mm/dd hh24:mi:ss'));

INSERT INTO PARTICIPANTS (INTERVENTION_NUMBER, EMPLOYEE_NUMBER, START_DATE, END_DATE)
VALUES (8, 54, TO_TIMESTAMP('2006-05-12 09:00:00', 'yyyy/mm/dd hh24:mi:ss'), TO_TIMESTAMP('2006-05-12 18:00:00', 'yyyy/mm/dd hh24:mi:ss'));

INSERT INTO PARTICIPANTS (INTERVENTION_NUMBER, EMPLOYEE_NUMBER, START_DATE, END_DATE)
VALUES (8, 62, TO_TIMESTAMP('2006-05-11 14:00:00', 'yyyy/mm/dd hh24:mi:ss'), TO_TIMESTAMP('2006-05-12 12:00:00', 'yyyy/mm/dd hh24:mi:ss'));

INSERT INTO PARTICIPANTS (INTERVENTION_NUMBER, EMPLOYEE_NUMBER, START_DATE, END_DATE)
VALUES (9, 59, TO_TIMESTAMP('2006-02-22 09:00:00', 'yyyy/mm/dd hh24:mi:ss'), TO_TIMESTAMP('2006-02-22 12:00:00', 'yyyy/mm/dd hh24:mi:ss'));

INSERT INTO PARTICIPANTS (INTERVENTION_NUMBER, EMPLOYEE_NUMBER, START_DATE, END_DATE)
VALUES (9, 60, TO_TIMESTAMP('2006-02-22 14:00:00', 'yyyy/mm/dd hh24:mi:ss'), TO_TIMESTAMP('2006-02-22 18:00:00', 'yyyy/mm/dd hh24:mi:ss'));

INSERT INTO PARTICIPANTS (INTERVENTION_NUMBER, EMPLOYEE_NUMBER, START_DATE, END_DATE)
VALUES (10, 63, TO_TIMESTAMP('2006-04-09 14:00:00', 'yyyy/mm/dd hh24:mi:ss'), TO_TIMESTAMP('2006-04-09 18:00:00', 'yyyy/mm/dd hh24:mi:ss'));

INSERT INTO PARTICIPANTS (INTERVENTION_NUMBER, EMPLOYEE_NUMBER, START_DATE, END_DATE)
VALUES (10, 67, TO_TIMESTAMP('2006-04-08 09:00:00', 'yyyy/mm/dd hh24:mi:ss'), TO_TIMESTAMP('2006-04-09 12:00:00', 'yyyy/mm/dd hh24:mi:ss'));

INSERT INTO PARTICIPANTS (INTERVENTION_NUMBER, EMPLOYEE_NUMBER, START_DATE, END_DATE)
VALUES (11, 59, TO_TIMESTAMP('2006-03-09 09:00:00', 'yyyy/mm/dd hh24:mi:ss'), TO_TIMESTAMP('2006-03-11 18:00:00', 'yyyy/mm/dd hh24:mi:ss'));

INSERT INTO PARTICIPANTS (INTERVENTION_NUMBER, EMPLOYEE_NUMBER, START_DATE, END_DATE)
VALUES (11, 64, TO_TIMESTAMP('2006-03-09 09:00:00', 'yyyy/mm/dd hh24:mi:ss'), TO_TIMESTAMP('2006-03-17 12:00:00', 'yyyy/mm/dd hh24:mi:ss'));

INSERT INTO PARTICIPANTS (INTERVENTION_NUMBER, EMPLOYEE_NUMBER, START_DATE, END_DATE)
VALUES (11, 53, TO_TIMESTAMP('2006-03-08 14:00:00', 'yyyy/mm/dd hh24:mi:ss'), TO_TIMESTAMP('2006-03-16 18:00:00', 'yyyy/mm/dd hh24:mi:ss'));

INSERT INTO PARTICIPANTS (INTERVENTION_NUMBER, EMPLOYEE_NUMBER, START_DATE, END_DATE)
VALUES (12, 55, TO_TIMESTAMP('2006-05-05 09:00:00', 'yyyy/mm/dd hh24:mi:ss'), TO_TIMESTAMP('2006-05-05 18:00:00', 'yyyy/mm/dd hh24:mi:ss'));

INSERT INTO PARTICIPANTS (INTERVENTION_NUMBER, EMPLOYEE_NUMBER, START_DATE, END_DATE)
VALUES (12, 56, TO_TIMESTAMP('2006-05-03 09:00:00', 'yyyy/mm/dd hh24:mi:ss'), TO_TIMESTAMP('2006-05-05 12:00:00', 'yyyy/mm/dd hh24:mi:ss'));

INSERT INTO PARTICIPANTS (INTERVENTION_NUMBER, EMPLOYEE_NUMBER, START_DATE, END_DATE)
VALUES (13, 64, TO_TIMESTAMP('2006-05-12 14:00:00', 'yyyy/mm/dd hh24:mi:ss'), TO_TIMESTAMP('2006-05-12 18:00:00', 'yyyy/mm/dd hh24:mi:ss'));


INSERT INTO PARTICIPANTS (INTERVENTION_NUMBER, EMPLOYEE_NUMBER, START_DATE, END_DATE)
VALUES (14, 88, TO_TIMESTAMP('2006-05-07 14:00:00', 'yyyy/mm/dd hh24:mi:ss'), TO_TIMESTAMP('2006-05-10 18:00:00', 'yyyy/mm/dd hh24:mi:ss'));
